CSV,Audio,Familiarity,Times,ResponseRate,Labels
s001_gtec_melody_01_070.csv,melody,0.39010989,20.6978501,0.048314197,non_favored
s001_gtec_melody_02_057.csv,melody,0.552197802,12.39427979,0.080682381,non_favored
s001_gtec_melody_03_109.csv,melody,0.436813187,13.09684009,0.076354296,non_favored
s001_gtec_melody_06_042.csv,melody,0.667582418,5.420469971,0.184485848,non_favored
s001_gtec_melody_07_008.csv,melody,0.85989011,9.793090088,0.102112815,non_favored
s001_gtec_melody_08_002.csv,melody,0.565934066,12.65973999,0.078990564,non_favored
s001_gtec_melody_09_060.csv,melody,0.703296703,11.86740991,0.084264385,non_favored
s001_gtec_melody_10_081.csv,melody,0.315934066,13.85867993,0.072156945,non_favored
s001_gtec_melody_11_058.csv,melody,0.769230769,29.74760986,0.033616146,non_favored
s001_gtec_melody_13_089.csv,melody,0.788461538,7.491370117,0.13348693,non_favored
s001_gtec_melody_15_052.csv,melody,0.217032967,10.75213989,0.093004742,non_favored
s001_gtec_melody_16_025.csv,melody,0.791208791,16.82916992,0.059420637,non_favored
s001_gtec_melody_18_031.csv,melody,0.82967033,7.184719971,0.139184269,non_favored
s001_gtec_melody_19_037.csv,melody,0.10989011,8.145410156,0.122768526,non_favored
s002_gtec_melody_01_069.csv,melody,0.870879121,6.711080078,0.149007312,non_favored
s002_gtec_melody_02_049.csv,melody,1,4.45025,0.224706477,non_favored
s002_gtec_melody_03_056.csv,melody,0.623626374,5.865409912,0.170491068,non_favored
s002_gtec_melody_04_009.csv,melody,0.914835165,7.181469971,0.139247258,non_favored
s002_gtec_melody_05_067.csv,melody,0.167582418,11.06030981,0.090413381,non_favored
s002_gtec_melody_07_019.csv,melody,1,13.52842993,0.073918408,non_favored
s002_gtec_melody_08_036.csv,melody,0.065934066,25.52277002,0.0391807,non_favored
s002_gtec_melody_11_003.csv,melody,0.519230769,6.693679932,0.149394654,non_favored
s002_gtec_melody_12_022.csv,melody,0.989010989,8.055919922,0.124132316,non_favored
s002_gtec_melody_13_077.csv,melody,-1,5.189170166,0.19270904,non_favored
s002_gtec_melody_14_093.csv,melody,0.131868132,24.86371997,0.040219243,non_favored
s002_gtec_melody_16_029.csv,melody,-1,5.991439941,0.166904786,non_favored
s002_gtec_melody_19_043.csv,melody,-0.85989011,5.600889893,0.178543056,non_favored
s002_gtec_melody_21_107.csv,melody,0.942307692,4.297690186,0.232683129,non_favored
s003_gtec_melody_01_051.csv,melody,0.373626374,13.14665991,0.076064948,non_favored
s003_gtec_melody_02_075.csv,melody,0.148351648,10.94400977,0.091374187,non_favored
s003_gtec_melody_03_073.csv,melody,0.741758242,22.00046997,0.045453574,non_favored
s003_gtec_melody_04_101.csv,melody,0.381868132,11.92611011,0.083849637,non_favored
s003_gtec_melody_05_014.csv,melody,1,23.59356006,0.042384447,non_favored
s003_gtec_melody_06_072.csv,melody,0.186813187,19.73588013,0.050669136,non_favored
s003_gtec_melody_07_011.csv,melody,-0.497252747,11.18173999,0.08943152,non_favored
s003_gtec_melody_08_026.csv,melody,-1,12.61702002,0.079258018,non_favored
s003_gtec_melody_09_050.csv,melody,1,24.70215991,0.04048229,non_favored
s003_gtec_melody_10_032.csv,melody,0.508241758,11.05452002,0.090460734,non_favored
s003_gtec_melody_11_038.csv,melody,0.53021978,9.853,0.101491931,non_favored
s003_gtec_melody_12_071.csv,melody,-0.5,7.600219971,0.131575139,non_favored
s003_gtec_melody_13_035.csv,melody,0.252747253,9.245919922,0.108155815,non_favored
s003_gtec_melody_14_027.csv,melody,0.978021978,8.10123999,0.123437894,non_favored
s003_gtec_melody_15_063.csv,melody,0.217032967,8.910609863,0.112225764,non_favored
s003_gtec_melody_16_024.csv,melody,0.980769231,7.737129883,0.129246893,non_favored
s003_gtec_melody_17_039.csv,melody,0.277472527,7.35123999,0.136031472,non_favored
s003_gtec_melody_18_086.csv,melody,-0.502747253,11.78661011,0.084842036,non_favored
s003_gtec_melody_19_040.csv,melody,0.796703297,5.665870117,0.176495398,non_favored
s003_gtec_melody_20_015.csv,melody,-1,10.36326001,0.096494732,non_favored
s003_gtec_melody_21_076.csv,melody,0.978021978,7.108620117,0.140674278,non_favored
s003_gtec_melody_22_097.csv,melody,0.291208791,14.31291016,0.069866993,non_favored
s004_gtec_melody_01_017.csv,melody,-0.541208791,28.54740991,0.035029448,non_favored
s004_gtec_melody_02_104.csv,melody,0.997252747,26.15491016,0.038233739,non_favored
s004_gtec_melody_04_066.csv,melody,0.549450549,11.67012988,0.085688849,non_favored
s004_gtec_melody_05_092.csv,melody,1,17.15213989,0.058301763,non_favored
s004_gtec_melody_06_095.csv,melody,0.282967033,10.30434009,0.097046486,non_favored
s004_gtec_melody_07_087.csv,melody,0.991758242,16.13541016,0.061975493,non_favored
s004_gtec_melody_09_001.csv,melody,0.925824176,7.571709961,0.132070563,non_favored
s004_gtec_melody_10_100.csv,melody,0.986263736,8.073890137,0.123856033,non_favored
s004_gtec_melody_12_083.csv,melody,0.868131868,13.51991992,0.073964935,non_favored
s004_gtec_melody_13_096.csv,melody,0.777472527,6.986429932,0.143134621,non_favored
s004_gtec_melody_14_068.csv,melody,0.497252747,11.2543501,0.088854531,non_favored
s004_gtec_melody_15_047.csv,melody,0.815934066,13.922,0.07182876,non_favored
s004_gtec_melody_16_028.csv,melody,-0.186813187,8.347359863,0.119798357,non_favored
s004_gtec_melody_17_098.csv,melody,0.711538462,8.175589844,0.122315334,non_favored
s004_gtec_melody_18_004.csv,melody,0.983516484,8.23101001,0.121491773,non_favored
s004_gtec_melody_19_091.csv,melody,1,10.28175,0.097259708,non_favored
s004_gtec_melody_20_006.csv,melody,0.837912088,7.273560059,0.137484257,non_favored
s004_gtec_melody_21_053.csv,melody,1,6.708439941,0.149065954,non_favored
s004_gtec_melody_22_048.csv,melody,-0.725274725,7.939640137,0.125950293,non_favored
s005_gtec_melody_03_044.csv,melody,1,9.019169922,0.110874948,non_favored
s005_gtec_melody_10_103.csv,melody,0.692307692,10.78703003,0.092703923,non_favored
s005_gtec_melody_15_012.csv,melody,0.81043956,10.11271997,0.098885364,non_favored
s005_gtec_melody_17_084.csv,melody,0.906593407,20.24173999,0.049402868,non_favored
s006_gtec_melody_07_017.csv,melody,-0.837912088,22.03697998,0.045378269,non_favored
s007_gtec_melody_02_095.csv,melody,-0.81043956,7.309819824,0.136802277,non_favored
s007_gtec_melody_05_038.csv,melody,0.357142857,16.20140015,0.06172306,non_favored
s007_gtec_melody_12_013.csv,melody,0.508241758,9.035849854,0.110670276,non_favored
s007_gtec_melody_13_093.csv,melody,-0.71978022,7.868390137,0.1270908,non_favored
s007_gtec_melody_19_037.csv,melody,-0.692307692,27.4666499,0.036407789,non_favored
s008_gtec_melody_02_072.csv,melody,0.42032967,27.83623999,0.035924392,non_favored
s008_gtec_melody_03_042.csv,melody,0.445054945,8.654959961,0.115540685,non_favored
s008_gtec_melody_05_051.csv,melody,-0.486263736,16.44972998,0.060791271,non_favored
s008_gtec_melody_15_087.csv,melody,0.626373626,5.515649902,0.181302298,non_favored
s008_gtec_melody_21_043.csv,melody,0.815934066,14.06077002,0.07111986,non_favored
s009_gtec_melody_01_076.csv,melody,0.065934066,26.52732007,0.037696986,non_favored
s009_gtec_melody_04_025.csv,melody,0.178571429,13.87734009,0.072059919,non_favored
s009_gtec_melody_07_068.csv,melody,0.898351648,9.157940186,0.10919486,non_favored
s009_gtec_melody_09_058.csv,melody,0.881868132,11.48449023,0.087073956,non_favored
s009_gtec_melody_11_008.csv,melody,0.931318681,18.43766992,0.054236788,non_favored
s009_gtec_melody_12_074.csv,melody,0.785714286,21.19490991,0.047181139,non_favored
s009_gtec_melody_13_032.csv,melody,0.848901099,17.39104004,0.057500874,non_favored
s009_gtec_melody_14_027.csv,melody,0.552197802,12.22830005,0.081777516,non_favored
s009_gtec_melody_15_081.csv,melody,0.057692308,27.81533008,0.035951398,non_favored
s009_gtec_melody_17_003.csv,melody,0.129120879,24.46211011,0.040879548,non_favored
s009_gtec_melody_18_001.csv,melody,0.824175824,16.78731006,0.059568805,non_favored
s009_gtec_melody_19_098.csv,melody,-0.461538462,48.89856982,0.020450496,non_favored
s009_gtec_melody_20_078.csv,melody,0.085164835,14.77133008,0.067698711,non_favored
s009_gtec_melody_21_104.csv,melody,0.717032967,13.35202002,0.074895034,non_favored
s009_gtec_melody_22_049.csv,melody,0.527472527,53.25511011,0.018777541,non_favored
s010_gtec_melody_01_066.csv,melody,-0.233516484,11.73806982,0.085192882,non_favored
s010_gtec_melody_02_050.csv,melody,0.233516484,12.84112988,0.077874767,non_favored
s010_gtec_melody_03_097.csv,melody,1,11.04961987,0.090500851,non_favored
s010_gtec_melody_04_044.csv,melody,1,10.26826001,0.097387483,non_favored
s010_gtec_melody_05_047.csv,melody,0.266483516,8.832459961,0.113218741,non_favored
s010_gtec_melody_06_023.csv,melody,0.129120879,14.09568018,0.070943721,non_favored
s010_gtec_melody_07_041.csv,melody,0.186813187,9.955639893,0.100445578,non_favored
s010_gtec_melody_08_012.csv,melody,0.101648352,12.51254004,0.079919824,non_favored
s010_gtec_melody_09_029.csv,melody,0.269230769,11.27416992,0.088698326,non_favored
s010_gtec_melody_10_007.csv,melody,-0.222527473,4.893680176,0.204345189,non_favored
s010_gtec_melody_11_090.csv,melody,-0.186813187,12.75476001,0.078402102,non_favored
s010_gtec_melody_12_110.csv,melody,1,9.397639893,0.106409696,non_favored
s010_gtec_melody_13_073.csv,melody,-0.340659341,10.91411987,0.091624429,non_favored
s010_gtec_melody_14_084.csv,melody,-0.53021978,7.790529785,0.128360975,non_favored
s010_gtec_melody_15_048.csv,melody,-0.961538462,11.21517017,0.089164942,non_favored
s010_gtec_melody_16_065.csv,melody,0.164835165,13.09608984,0.07635867,non_favored
s010_gtec_melody_17_002.csv,melody,0.101648352,7.410410156,0.134945297,non_favored
s010_gtec_melody_18_062.csv,melody,0.813186813,11.98214014,0.083457545,non_favored
s010_gtec_melody_19_096.csv,melody,0.126373626,17.08846997,0.05851899,non_favored
s010_gtec_melody_20_106.csv,melody,-0.989010989,12.9498999,0.077220674,non_favored
s010_gtec_melody_21_060.csv,melody,-0.186813187,6.473339844,0.154479762,non_favored
s010_gtec_melody_22_107.csv,melody,0.983516484,4.125649902,0.242386054,non_favored
s011_gtec_melody_01_086.csv,melody,0.554945055,15.83230127,0.063162012,non_favored
s011_gtec_melody_02_025.csv,melody,0.32967033,14.66328369,0.068197548,non_favored
s011_gtec_melody_03_024.csv,melody,0.527472527,8.267723145,0.120952284,non_favored
s011_gtec_melody_04_106.csv,melody,-0.293956044,9.78950708,0.102150189,non_favored
s011_gtec_melody_06_030.csv,melody,0.43956044,21.69552441,0.046092456,non_favored
s011_gtec_melody_07_026.csv,melody,0.53021978,6.782592773,0.147436244,non_favored
s011_gtec_melody_08_089.csv,melody,0.662087912,13.01415991,0.076839382,non_favored
s011_gtec_melody_10_075.csv,melody,-0.505494505,19.32645044,0.051742559,non_favored
s011_gtec_melody_11_102.csv,melody,0.230769231,11.96617627,0.083568884,non_favored
s011_gtec_melody_12_007.csv,melody,0.587912088,9.795333496,0.102089429,non_favored
s011_gtec_melody_13_031.csv,melody,0.912087912,9.444701172,0.105879475,non_favored
s011_gtec_melody_14_013.csv,melody,0.931318681,6.821237549,0.146600964,non_favored
s011_gtec_melody_16_027.csv,melody,0.543956044,10.49387866,0.09529365,non_favored
s011_gtec_melody_17_014.csv,melody,0.596153846,5.701016357,0.17540732,non_favored
s011_gtec_melody_19_035.csv,melody,0.64010989,6.359693115,0.157240292,non_favored
s011_gtec_melody_20_053.csv,melody,0.684065934,9.149060303,0.109300843,non_favored
s011_gtec_melody_21_104.csv,melody,0.195054945,12.54944507,0.079684798,non_favored
s011_gtec_melody_22_081.csv,melody,0.78021978,13.28805981,0.075255531,non_favored
s012_gtec_melody_01_076.csv,melody,0.532967033,10.40282349,0.096127749,non_favored
s012_gtec_melody_02_098.csv,melody,0.835164835,5.608753174,0.178292745,non_favored
s012_gtec_melody_03_004.csv,melody,0.483516484,7.528912109,0.132821314,non_favored
s012_gtec_melody_04_070.csv,melody,0.914835165,13.79439258,0.072493225,non_favored
s012_gtec_melody_05_097.csv,melody,0.445054945,7.532388184,0.132760019,non_favored
s012_gtec_melody_06_048.csv,melody,-0.714285714,19.4206814,0.051491499,non_favored
s012_gtec_melody_07_021.csv,melody,0.274725275,17.14982886,0.05830962,non_favored
s012_gtec_melody_08_056.csv,melody,0.826923077,8.182009033,0.122219371,non_favored
s012_gtec_melody_09_094.csv,melody,0.994505495,10.22820874,0.09776883,non_favored
s012_gtec_melody_10_063.csv,melody,0.840659341,6.553154785,0.152598257,non_favored
s012_gtec_melody_11_059.csv,melody,-0.217032967,9.092608643,0.109979439,non_favored
s012_gtec_melody_12_036.csv,melody,0.299450549,7.048578369,0.14187258,non_favored
s012_gtec_melody_13_038.csv,melody,-0.118131868,7.968451172,0.125494902,non_favored
s012_gtec_melody_14_037.csv,melody,-0.126373626,12.5885127,0.079437502,non_favored
s012_gtec_melody_15_085.csv,melody,0.403846154,7.324394043,0.136530066,non_favored
s012_gtec_melody_16_051.csv,melody,-0.296703297,14.63575903,0.068325804,non_favored
s012_gtec_melody_17_023.csv,melody,0.17032967,10.01440332,0.099856174,non_favored
s012_gtec_melody_18_084.csv,melody,0.983516484,8.77402002,0.113972842,non_favored
s012_gtec_melody_19_062.csv,melody,-0.450549451,12.33342236,0.081080496,non_favored
s012_gtec_melody_20_032.csv,melody,0.236263736,10.27856128,0.097289881,non_favored
s012_gtec_melody_21_015.csv,melody,0.840659341,8.499453125,0.117654629,non_favored
s012_gtec_melody_22_067.csv,melody,0.123626374,9.795937988,0.102083129,non_favored
s013_gtec_melody_04_105.csv,melody,-1,28.58354517,0.034985163,non_favored
s013_gtec_melody_05_011.csv,melody,-0.239010989,15.67282861,0.063804692,non_favored
s013_gtec_melody_10_103.csv,melody,0.315934066,19.5048313,0.051269349,non_favored
s013_gtec_melody_12_110.csv,melody,0.332417582,13.46789282,0.074250665,non_favored
s013_gtec_melody_13_018.csv,melody,0.337912088,17.6830376,0.05655137,non_favored
s013_gtec_melody_15_092.csv,melody,0.225274725,9.7159104,0.102923963,non_favored
s013_gtec_melody_17_072.csv,melody,-0.461538462,65.93531079,0.01516638,non_favored
s013_gtec_melody_19_109.csv,melody,-0.675824176,36.44773901,0.027436544,non_favored
s013_gtec_melody_20_083.csv,melody,-0.513736264,11.93784253,0.08376723,non_favored
s013_gtec_melody_22_039.csv,melody,-0.480769231,33.47551221,0.029872582,non_favored
s014_gtec_melody_01_073.csv,melody,0.115384615,56.87166187,0.01758345,non_favored
s014_gtec_melody_02_012.csv,melody,0.274725275,35.16193262,0.028439847,non_favored
s014_gtec_melody_03_074.csv,melody,0.071428571,7.600689453,0.131567012,non_favored
s014_gtec_melody_05_016.csv,melody,0.178571429,31.17161597,0.032080467,non_favored
s014_gtec_melody_06_034.csv,melody,0.101648352,8.639528809,0.115747053,non_favored
s014_gtec_melody_08_090.csv,melody,0.104395604,29.28972241,0.034141669,non_favored
s014_gtec_melody_09_082.csv,melody,0.10989011,12.59179272,0.079416809,non_favored
s014_gtec_melody_12_108.csv,melody,-0.145604396,11.76914795,0.084967918,non_favored
s014_gtec_melody_13_066.csv,melody,-0.151098901,7.753611572,0.128972156,non_favored
s014_gtec_melody_17_050.csv,melody,-0.120879121,9.604206299,0.104121045,non_favored
s014_gtec_melody_19_042.csv,melody,0.131868132,8.839533691,0.113128139,non_favored
s014_gtec_melody_22_071.csv,melody,-0.063186813,14.56417603,0.068661626,non_favored
s015_gtec_melody_03_054.csv,melody,-0.436813187,34.55890601,0.028936101,non_favored
s015_gtec_melody_13_064.csv,melody,-1,24.67122681,0.040533047,non_favored
s015_gtec_melody_21_078.csv,melody,-1,8.016069336,0.12474942,non_favored
s015_gtec_melody_22_095.csv,melody,-0.928571429,23.34907715,0.042828245,non_favored
s016_gtec_melody_01_019.csv,melody,-0.936813187,54.95683276,0.0181961,non_favored
s016_gtec_melody_02_101.csv,melody,0.46978022,30.39772119,0.032897203,non_favored
s016_gtec_melody_03_095.csv,melody,-0.912087912,28.2904873,0.035347571,non_favored
s016_gtec_melody_04_045.csv,melody,-0.917582418,42.8580918,0.023332817,non_favored
s016_gtec_melody_05_068.csv,melody,-0.92032967,19.25267871,0.051940824,non_favored
s016_gtec_melody_06_009.csv,melody,-0.917582418,22.8870127,0.043692902,non_favored
s016_gtec_melody_07_052.csv,melody,-1,36.39950635,0.0274729,non_favored
s016_gtec_melody_08_026.csv,melody,-0.928571429,28.86345508,0.034645887,non_favored
s016_gtec_melody_09_063.csv,melody,-0.972527473,36.17801123,0.027641099,non_favored
s016_gtec_melody_10_072.csv,melody,-1,24.62572266,0.040607945,non_favored
s016_gtec_melody_11_002.csv,melody,-1,41.23057935,0.024253843,non_favored
s016_gtec_melody_12_091.csv,melody,-1,48.94521851,0.020431005,non_favored
s016_gtec_melody_13_048.csv,melody,-1,56.73253564,0.01762657,non_favored
s016_gtec_melody_14_060.csv,melody,-1,39.86303784,0.025085895,non_favored
s016_gtec_melody_15_038.csv,melody,-0.928571429,16.43026807,0.06086328,non_favored
s016_gtec_melody_16_011.csv,melody,-0.909340659,33.17755688,0.030140857,non_favored
s016_gtec_melody_17_032.csv,melody,-0.914835165,31.57296362,0.031672668,non_favored
s016_gtec_melody_18_075.csv,melody,-1,35.69142505,0.028017934,non_favored
s016_gtec_melody_19_083.csv,melody,-0.714285714,23.83294141,0.041958732,non_favored
s016_gtec_melody_20_085.csv,melody,0.832417582,11.55210181,0.086564334,non_favored
s016_gtec_melody_21_090.csv,melody,-0.912087912,35.99365942,0.027782671,non_favored
s016_gtec_melody_22_005.csv,melody,-0.631868132,79.9591897,0.01250638,non_favored
s017_gtec_melody_03_109.csv,melody,-0.598901099,44.24101099,0.022603462,non_favored
s017_gtec_melody_04_051.csv,melody,-0.60989011,13.99164551,0.071471222,non_favored
s017_gtec_melody_09_097.csv,melody,-0.228021978,16.00171484,0.062493302,non_favored
s017_gtec_melody_11_098.csv,melody,-0.384615385,11.53891626,0.086663251,non_favored
s017_gtec_melody_13_110.csv,melody,0.131868132,19.74948462,0.050634233,non_favored
s017_gtec_melody_14_059.csv,melody,0.063186813,13.99471802,0.07145553,non_favored
s017_gtec_melody_15_074.csv,melody,0.255494505,9.609041992,0.104068647,non_favored
s017_gtec_melody_16_105.csv,melody,-0.5,13.5310249,0.073904232,non_favored
s017_gtec_melody_21_015.csv,melody,0.321428571,7.07088208,0.141425071,non_favored
s018_gtec_melody_01_021.csv,melody,-0.980769231,26.29687256,0.038027336,non_favored
s018_gtec_melody_03_010.csv,melody,1,21.49246655,0.046527931,non_favored
s018_gtec_melody_04_070.csv,melody,0.997252747,9.600144043,0.104165104,non_favored
s018_gtec_melody_05_054.csv,melody,0.986263736,16.90440796,0.059156168,non_favored
s018_gtec_melody_06_057.csv,melody,0.994505495,7.883704834,0.126843917,non_favored
s018_gtec_melody_07_078.csv,melody,-0.854395604,40.69761523,0.024571464,non_favored
s018_gtec_melody_08_096.csv,melody,-0.733516484,53.5350647,0.018679346,non_favored
s018_gtec_melody_09_064.csv,melody,-0.989010989,16.33369824,0.061223122,non_favored
s018_gtec_melody_10_080.csv,melody,-0.972527473,32.38000781,0.030883254,non_favored
s018_gtec_melody_11_028.csv,melody,1,33.89788037,0.02950037,non_favored
s018_gtec_melody_12_047.csv,melody,1,8.723133301,0.114637707,non_favored
s018_gtec_melody_14_055.csv,melody,0.989010989,33.21168164,0.030109888,non_favored
s018_gtec_melody_17_049.csv,melody,1,60.34955981,0.016570129,non_favored
s018_gtec_melody_18_053.csv,melody,0.538461538,23.19721338,0.043108626,non_favored
s018_gtec_melody_20_099.csv,melody,1,11.83595166,0.084488348,non_favored
s018_gtec_melody_21_035.csv,melody,0.994505495,8.143704834,0.122794234,non_favored
s019_gtec_melody_01_086.csv,melody,-0.346153846,10.63426489,0.094035649,non_favored
s019_gtec_melody_03_104.csv,melody,0.225274725,11.2657478,0.088764636,non_favored
s019_gtec_melody_04_023.csv,melody,-1,7.878210938,0.126932372,non_favored
s019_gtec_melody_05_042.csv,melody,1,7.372078369,0.135646957,non_favored
s019_gtec_melody_06_071.csv,melody,-1,10.26765649,0.097393208,non_favored
s019_gtec_melody_07_030.csv,melody,0.35989011,9.602446289,0.104140129,non_favored
s019_gtec_melody_08_037.csv,melody,0.348901099,5.603735596,0.178452388,non_favored
s019_gtec_melody_09_034.csv,melody,0.200549451,6.823815186,0.146545587,non_favored
s019_gtec_melody_10_062.csv,melody,-1,7.528455078,0.132829377,non_favored
s019_gtec_melody_11_036.csv,melody,0.67032967,17.50105981,0.057139397,non_favored
s019_gtec_melody_12_001.csv,melody,-1,12.25412744,0.081605158,non_favored
s019_gtec_melody_13_013.csv,melody,1,17.25695142,0.057947663,non_favored
s019_gtec_melody_14_029.csv,melody,-1,8.34335791,0.11985582,non_favored
s019_gtec_melody_15_050.csv,melody,0.475274725,14.97411621,0.066781905,non_favored
s019_gtec_melody_16_061.csv,melody,-1,5.916167725,0.169028338,non_favored
s019_gtec_melody_17_079.csv,melody,1,7.680015869,0.130208064,non_favored
s019_gtec_melody_18_093.csv,melody,-1,11.07234863,0.090315075,non_favored
s019_gtec_melody_19_082.csv,melody,1,7.392235107,0.135277083,non_favored
s019_gtec_melody_20_089.csv,melody,1,7.207336914,0.138747503,non_favored
s019_gtec_melody_21_031.csv,melody,-1,8.089766602,0.123612961,non_favored
s019_gtec_melody_22_027.csv,melody,0.175824176,6.923696045,0.144431528,non_favored
s020_gtec_melody_02_041.csv,melody,-0.425824176,12.32893848,0.081109984,non_favored
s020_gtec_melody_03_025.csv,melody,0.494505495,14.42867529,0.069306432,non_favored
s020_gtec_melody_04_069.csv,melody,1,7.309477295,0.136808688,non_favored
s020_gtec_melody_06_066.csv,melody,1,7.101401367,0.140817277,non_favored
s020_gtec_melody_07_008.csv,melody,1,8.320705811,0.120182112,non_favored
s020_gtec_melody_08_007.csv,melody,0.826923077,12.84333008,0.077861426,non_favored
s020_gtec_melody_09_073.csv,melody,0.89010989,8.707867188,0.114838683,non_favored
s020_gtec_melody_10_065.csv,melody,0.804945055,12.35759473,0.080921896,non_favored
s020_gtec_melody_11_088.csv,melody,1,8.04667334,0.124274959,non_favored
s020_gtec_melody_12_016.csv,melody,-0.513736264,10.08940918,0.099113831,non_favored
s020_gtec_melody_14_020.csv,melody,-0.491758242,8.205610596,0.121867835,non_favored
s020_gtec_melody_16_014.csv,melody,1,6.430719482,0.155503595,non_favored
s020_gtec_melody_17_094.csv,melody,0.472527473,14.66809497,0.068175179,non_favored
s020_gtec_melody_19_018.csv,melody,-0.293956044,6.391302002,0.156462642,non_favored
s020_gtec_melody_20_084.csv,melody,1,7.679301758,0.130220173,non_favored
s020_gtec_melody_22_012.csv,melody,0.964285714,9.99581958,0.100041822,non_favored
s001_gtec_melody_20_030.csv,melody,0.917582418,27.67198999,0.036137625,favored
s002_gtec_melody_10_082.csv,melody,1,10.19182007,0.098117902,favored
s002_gtec_melody_15_016.csv,melody,0.997252747,5.534600098,0.180681528,favored
s002_gtec_melody_17_046.csv,melody,0.997252747,8.422869873,0.11872438,favored
s004_gtec_melody_08_062.csv,melody,1,13.11473999,0.076250082,favored
s005_gtec_melody_04_090.csv,melody,0.936813187,9.136380127,0.109452539,favored
s005_gtec_melody_05_045.csv,melody,0.837912088,11.04268994,0.090557645,favored
s005_gtec_melody_06_034.csv,melody,0.991758242,11.52305005,0.086782579,favored
s005_gtec_melody_11_007.csv,melody,0.895604396,8.583550049,0.116501913,favored
s005_gtec_melody_14_105.csv,melody,0.85989011,17.29964014,0.057804671,favored
s005_gtec_melody_18_094.csv,melody,0.983516484,6.38272998,0.156672772,favored
s006_gtec_melody_02_006.csv,melody,0.815934066,41.64487012,0.024012561,favored
s006_gtec_melody_03_055.csv,melody,0.901098901,22.58227002,0.044282528,favored
s006_gtec_melody_04_056.csv,melody,0.953296703,32.36944019,0.030893336,favored
s006_gtec_melody_05_083.csv,melody,0.983516484,32.45928003,0.030807831,favored
s006_gtec_melody_06_034.csv,melody,0.93956044,20.55219019,0.048656615,favored
s006_gtec_melody_08_052.csv,melody,0.791208791,42.63859009,0.023452933,favored
s006_gtec_melody_09_085.csv,melody,0.736263736,34.82078003,0.028718484,favored
s006_gtec_melody_10_099.csv,melody,0.934065934,45.77890015,0.021844125,favored
s006_gtec_melody_11_077.csv,melody,0.802197802,45.50970996,0.021973333,favored
s006_gtec_melody_13_005.csv,melody,0.942307692,31.63632007,0.031609239,favored
s006_gtec_melody_14_016.csv,melody,0.950549451,12.48744995,0.080080401,favored
s006_gtec_melody_15_031.csv,melody,1,49.35778003,0.02026023,favored
s006_gtec_melody_16_103.csv,melody,0.975274725,32.56201001,0.030710635,favored
s006_gtec_melody_17_092.csv,melody,0.909340659,28.85997998,0.034650059,favored
s006_gtec_melody_18_024.csv,melody,0.945054945,16.73052002,0.059771005,favored
s006_gtec_melody_19_053.csv,melody,0.983516484,11.76804004,0.084975918,favored
s006_gtec_melody_20_018.csv,melody,0.947802198,25.32709985,0.039483399,favored
s006_gtec_melody_21_010.csv,melody,0.82967033,27.23271997,0.036720533,favored
s007_gtec_melody_01_063.csv,melody,0.89010989,20.2716001,0.049330097,favored
s007_gtec_melody_03_030.csv,melody,0.57967033,12.88515991,0.07760866,favored
s007_gtec_melody_06_004.csv,melody,0.766483516,14.51191992,0.06890887,favored
s007_gtec_melody_09_082.csv,melody,0.618131868,13.10230005,0.076322477,favored
s007_gtec_melody_11_079.csv,melody,1,13.24023022,0.075527388,favored
s007_gtec_melody_14_061.csv,melody,-1,7.302519775,0.136939033,favored
s007_gtec_melody_16_067.csv,melody,0.527472527,10.66505005,0.093764211,favored
s007_gtec_melody_18_086.csv,melody,0.582417582,7.717390137,0.129577484,favored
s007_gtec_melody_20_046.csv,melody,0.516483516,6.611280029,0.151256639,favored
s007_gtec_melody_21_089.csv,melody,0.335164835,5.595310059,0.178721106,favored
s007_gtec_melody_22_040.csv,melody,0.233516484,8.061889893,0.124040394,favored
s008_gtec_melody_01_009.csv,melody,0.923076923,16.04663989,0.062318342,favored
s008_gtec_melody_06_069.csv,melody,0.686813187,19.21896997,0.052031925,favored
s008_gtec_melody_08_035.csv,melody,0.67032967,7.04402002,0.141964389,favored
s008_gtec_melody_11_021.csv,melody,0.343406593,15.86859009,0.063017571,favored
s008_gtec_melody_12_036.csv,melody,0.675824176,15.66589014,0.063832951,favored
s008_gtec_melody_14_015.csv,melody,0.43956044,8.94072998,0.111847691,favored
s008_gtec_melody_16_088.csv,melody,0.675824176,7.33977002,0.136244051,favored
s008_gtec_melody_17_045.csv,melody,0.543956044,17.71506006,0.056449145,favored
s008_gtec_melody_18_057.csv,melody,0.881868132,19.04466992,0.05250813,favored
s008_gtec_melody_19_028.csv,melody,0.510989011,8.55623999,0.116873767,favored
s008_gtec_melody_22_022.csv,melody,0.865384615,13.87068018,0.072094518,favored
s009_gtec_melody_05_026.csv,melody,0.909340659,11.53315991,0.086706506,favored
s009_gtec_melody_06_100.csv,melody,0.925824176,9.790580078,0.102138994,favored
s011_gtec_melody_15_006.csv,melody,0.752747253,10.09292993,0.099079257,favored
s011_gtec_melody_18_055.csv,melody,0.56043956,7.484866699,0.133602914,favored
s013_gtec_melody_01_044.csv,melody,0.703296703,37.42129614,0.026722752,favored
s013_gtec_melody_08_022.csv,melody,1,19.11421802,0.052317076,favored
s013_gtec_melody_18_020.csv,melody,0.717032967,16.35438135,0.061145694,favored
s013_gtec_melody_21_028.csv,melody,1,11.28752759,0.08859336,favored
s014_gtec_melody_04_069.csv,melody,0.406593407,15.71519604,0.063632677,favored
s014_gtec_melody_07_099.csv,melody,0.175824176,41.74636011,0.023954184,favored
s014_gtec_melody_11_080.csv,melody,0.14010989,14.75578101,0.067770049,favored
s014_gtec_melody_20_088.csv,melody,0.332417582,8.429982422,0.118624209,favored
s014_gtec_melody_21_065.csv,melody,0.318681319,11.55579492,0.086536669,favored
s015_gtec_melody_01_033.csv,melody,0.428571429,43.0964104,0.023203789,favored
s015_gtec_melody_05_100.csv,melody,1,20.31319165,0.049229093,favored
s015_gtec_melody_09_045.csv,melody,1,25.64862134,0.03898845,favored
s015_gtec_melody_10_008.csv,melody,1,15.89074414,0.062929715,favored
s015_gtec_melody_12_068.csv,melody,1,8.851947266,0.112969494,favored
s015_gtec_melody_14_046.csv,melody,1,14.66333667,0.068197302,favored
s015_gtec_melody_15_040.csv,melody,1,27.24918823,0.036698341,favored
s015_gtec_melody_16_107.csv,melody,1,20.20946265,0.049481771,favored
s015_gtec_melody_17_060.csv,melody,0.989010989,31.78305835,0.031463303,favored
s015_gtec_melody_18_057.csv,melody,1,16.6184834,0.060173963,favored
s015_gtec_melody_19_043.csv,melody,0.986263736,10.165604,0.098370938,favored
s015_gtec_melody_20_077.csv,melody,1,13.65323462,0.073242717,favored
s017_gtec_melody_02_076.csv,melody,0.813186813,19.32347876,0.051750516,favored
s017_gtec_melody_17_087.csv,melody,0.826923077,17.92443091,0.055789777,favored
s017_gtec_melody_19_107.csv,melody,1,8.836260254,0.113170048,favored
s017_gtec_melody_20_044.csv,melody,0.978021978,10.03914893,0.099610037,favored
s020_gtec_melody_05_022.csv,melody,1,11.73975586,0.085180647,favored
s001_gtec_song_01_070.csv,song,0.637362637,10.36867017,0.096444383,non_favored
s001_gtec_song_02_057.csv,song,0.634615385,19.635,0.050929463,non_favored
s001_gtec_song_03_109.csv,song,0.447802198,8.094709961,0.123537471,non_favored
s001_gtec_song_06_042.csv,song,0.725274725,8.737929932,0.114443582,non_favored
s001_gtec_song_07_008.csv,song,0.851648352,7.148030029,0.139898685,non_favored
s001_gtec_song_08_002.csv,song,0.541208791,5.495679932,0.181961106,non_favored
s001_gtec_song_09_060.csv,song,0.57967033,14.76520996,0.067726771,non_favored
s001_gtec_song_10_081.csv,song,0.255494505,12.45066992,0.080316963,non_favored
s001_gtec_song_11_058.csv,song,0.81043956,13.85636011,0.072169025,non_favored
s001_gtec_song_13_089.csv,song,0.791208791,8.820969971,0.113366217,non_favored
s001_gtec_song_15_052.csv,song,0.200549451,8.801189941,0.113621,non_favored
s001_gtec_song_16_025.csv,song,0.879120879,12.34215015,0.08102316,non_favored
s001_gtec_song_18_031.csv,song,0.868131868,7.759649902,0.128871794,non_favored
s001_gtec_song_19_037.csv,song,0.236263736,6.855130127,0.145876151,non_favored
s002_gtec_song_01_069.csv,song,0.321428571,5.75276001,0.173829605,non_favored
s002_gtec_song_02_049.csv,song,1,6.468169922,0.154603236,non_favored
s002_gtec_song_03_056.csv,song,0.571428571,13.20937988,0.075703781,non_favored
s002_gtec_song_04_009.csv,song,1,6.19626001,0.161387676,non_favored
s002_gtec_song_05_067.csv,song,0.456043956,7.37298999,0.135630185,non_favored
s002_gtec_song_07_019.csv,song,1,6.812860107,0.146781232,non_favored
s002_gtec_song_08_036.csv,song,-0.508241758,6.027570068,0.165904334,non_favored
s002_gtec_song_11_003.csv,song,0.651098901,7.472810059,0.133818469,non_favored
s002_gtec_song_12_022.csv,song,1,7.041600098,0.142013177,non_favored
s002_gtec_song_13_077.csv,song,-1,4.684310059,0.21347861,non_favored
s002_gtec_song_14_093.csv,song,0.145604396,11.37538989,0.087909075,non_favored
s002_gtec_song_16_029.csv,song,-1,6.35872998,0.157264108,non_favored
s002_gtec_song_19_043.csv,song,-0.271978022,6.314050049,0.158376952,non_favored
s002_gtec_song_21_107.csv,song,1,4.007070068,0.2495589,non_favored
s003_gtec_song_01_051.csv,song,0.464285714,5.756109863,0.173728442,non_favored
s003_gtec_song_02_075.csv,song,0.447802198,12.65496997,0.079020338,non_favored
s003_gtec_song_03_073.csv,song,0.486263736,11.19403003,0.089333332,non_favored
s003_gtec_song_04_101.csv,song,0.285714286,13.31892017,0.075081162,non_favored
s003_gtec_song_05_014.csv,song,0.986263736,15.54902002,0.064312735,non_favored
s003_gtec_song_06_072.csv,song,-0.997252747,7.45247998,0.13418352,non_favored
s003_gtec_song_07_011.csv,song,-0.516483516,4.701909912,0.212679532,non_favored
s003_gtec_song_08_026.csv,song,-0.458791209,10.15280005,0.098494996,non_favored
s003_gtec_song_09_050.csv,song,1,12.66528003,0.078956012,non_favored
s003_gtec_song_10_032.csv,song,0.538461538,7.915549805,0.126333612,non_favored
s003_gtec_song_11_038.csv,song,0.519230769,9.537830078,0.104845651,non_favored
s003_gtec_song_12_071.csv,song,-0.332417582,15.46284985,0.064671132,non_favored
s003_gtec_song_13_035.csv,song,-0.192307692,9.04423999,0.11056761,non_favored
s003_gtec_song_14_027.csv,song,1,7.16475,0.139572211,non_favored
s003_gtec_song_15_063.csv,song,0.357142857,8.697050049,0.114981516,non_favored
s003_gtec_song_16_024.csv,song,0.972527473,9.211,0.108565845,non_favored
s003_gtec_song_17_039.csv,song,0.335164835,9.191959961,0.108790726,non_favored
s003_gtec_song_18_086.csv,song,-0.480769231,6.686620117,0.149552387,non_favored
s003_gtec_song_19_040.csv,song,0.739010989,9.117370117,0.109680751,non_favored
s003_gtec_song_20_015.csv,song,-0.365384615,7.011169922,0.142629548,non_favored
s003_gtec_song_21_076.csv,song,0.991758242,7.935649902,0.126013624,non_favored
s003_gtec_song_22_097.csv,song,0.516483516,4.92348999,0.203107958,non_favored
s004_gtec_song_01_017.csv,song,0.637362637,7.900439941,0.12657523,non_favored
s004_gtec_song_02_104.csv,song,1,11.82756982,0.084548222,non_favored
s004_gtec_song_04_066.csv,song,0.510989011,5.632130127,0.177552716,non_favored
s004_gtec_song_05_092.csv,song,0.994505495,7.88873999,0.126762956,non_favored
s004_gtec_song_06_095.csv,song,0.107142857,7.53877002,0.132647633,non_favored
s004_gtec_song_07_087.csv,song,1,14.2865,0.06999615,non_favored
s004_gtec_song_09_001.csv,song,0.923076923,7.761070068,0.128848212,non_favored
s004_gtec_song_10_100.csv,song,1,5.805919922,0.172237994,non_favored
s004_gtec_song_12_083.csv,song,1,4.436929932,0.225381067,non_favored
s004_gtec_song_13_096.csv,song,1,6.944690186,0.143994904,non_favored
s004_gtec_song_14_068.csv,song,0.692307692,6.682589844,0.149642582,non_favored
s004_gtec_song_15_047.csv,song,1,8.62251001,0.11597551,non_favored
s004_gtec_song_16_028.csv,song,0.288461538,12.09825,0.082656583,non_favored
s004_gtec_song_17_098.csv,song,0.947802198,8.858450195,0.112886563,non_favored
s004_gtec_song_18_004.csv,song,1,7.829170166,0.127727458,non_favored
s004_gtec_song_19_091.csv,song,1,9.37225,0.106697965,non_favored
s004_gtec_song_20_006.csv,song,0.92032967,14.27330005,0.070060883,non_favored
s004_gtec_song_21_053.csv,song,1,9.986550049,0.100134681,non_favored
s004_gtec_song_22_048.csv,song,0.373626374,13.87933008,0.072049587,non_favored
s005_gtec_song_03_044.csv,song,0.967032967,41.03587988,0.024368918,non_favored
s005_gtec_song_10_103.csv,song,0.909340659,7.640719971,0.130877719,non_favored
s005_gtec_song_15_012.csv,song,0.991758242,8.375649902,0.11939372,non_favored
s005_gtec_song_17_084.csv,song,0.851648352,10.56351001,0.094665504,non_favored
s006_gtec_song_07_017.csv,song,-0.865384615,14.56634985,0.068651379,non_favored
s007_gtec_song_02_095.csv,song,-0.252747253,37.35175,0.026772507,non_favored
s007_gtec_song_05_038.csv,song,0.368131868,11.79462012,0.084784418,non_favored
s007_gtec_song_12_013.csv,song,0.722527473,6.425560059,0.155628457,non_favored
s007_gtec_song_13_093.csv,song,-0.675824176,6.622910156,0.150991026,non_favored
s007_gtec_song_19_037.csv,song,-0.557692308,8.198110107,0.121979333,non_favored
s008_gtec_song_02_072.csv,song,0.505494505,21.29501001,0.046959358,non_favored
s008_gtec_song_03_042.csv,song,0.593406593,15.74728003,0.06350303,non_favored
s008_gtec_song_05_051.csv,song,-0.774725275,17.92481006,0.055788597,non_favored
s008_gtec_song_15_087.csv,song,0.513736264,12.68058008,0.078860746,non_favored
s008_gtec_song_21_043.csv,song,0.563186813,7.843709961,0.127490691,non_favored
s009_gtec_song_01_076.csv,song,0.774725275,18.58616992,0.053803447,non_favored
s009_gtec_song_04_025.csv,song,0.901098901,21.38273999,0.046766691,non_favored
s009_gtec_song_07_068.csv,song,0.862637363,9.545,0.104766894,non_favored
s009_gtec_song_09_058.csv,song,0.840659341,12.71219995,0.07866459,non_favored
s009_gtec_song_11_008.csv,song,0.744505495,12.10440015,0.082614585,non_favored
s009_gtec_song_12_074.csv,song,0.777472527,14.56919995,0.068637949,non_favored
s009_gtec_song_13_032.csv,song,0.711538462,13.23225,0.075572937,non_favored
s009_gtec_song_14_027.csv,song,0.642857143,10.35154004,0.096603983,non_favored
s009_gtec_song_15_081.csv,song,0.313186813,9.041390137,0.110602461,non_favored
s009_gtec_song_17_003.csv,song,0.505494505,8.645889893,0.115661894,non_favored
s009_gtec_song_18_001.csv,song,0.760989011,7.465049805,0.133957579,non_favored
s009_gtec_song_19_098.csv,song,-0.181318681,9.765650146,0.102399736,non_favored
s009_gtec_song_20_078.csv,song,0.027472527,18.34156982,0.05452096,non_favored
s009_gtec_song_21_104.csv,song,0.755494505,7.333580078,0.136359048,non_favored
s009_gtec_song_22_049.csv,song,0.695054945,21.23538989,0.0470912,non_favored
s010_gtec_song_01_066.csv,song,-1,19.37917993,0.051601771,non_favored
s010_gtec_song_02_050.csv,song,-1,9.780290039,0.102246456,non_favored
s010_gtec_song_03_097.csv,song,1,14.16421021,0.070600477,non_favored
s010_gtec_song_04_044.csv,song,1,16.4698501,0.060717007,non_favored
s010_gtec_song_05_047.csv,song,0.14010989,8.735060059,0.114481182,non_favored
s010_gtec_song_06_023.csv,song,-1,9.848079834,0.101542637,non_favored
s010_gtec_song_07_041.csv,song,-0.307692308,9.606659912,0.104094452,non_favored
s010_gtec_song_08_012.csv,song,0.18956044,7.10275,0.140790539,non_favored
s010_gtec_song_09_029.csv,song,-0.233516484,10.20412012,0.09799963,non_favored
s010_gtec_song_10_007.csv,song,0.082417582,5.753139893,0.173818127,non_favored
s010_gtec_song_11_090.csv,song,0.173076923,14.82996997,0.06743102,non_favored
s010_gtec_song_12_110.csv,song,0.991758242,18.08442017,0.055296216,non_favored
s010_gtec_song_13_073.csv,song,-1,9.947540039,0.100527366,non_favored
s010_gtec_song_14_084.csv,song,-0.824175824,10.56689014,0.094635223,non_favored
s010_gtec_song_15_048.csv,song,-0.398351648,9.950689941,0.100495544,non_favored
s010_gtec_song_16_065.csv,song,-0.436813187,8.37948999,0.119339005,non_favored
s010_gtec_song_17_002.csv,song,-0.32967033,9.381540039,0.106592307,non_favored
s010_gtec_song_18_062.csv,song,0.387362637,7.793140137,0.12831798,non_favored
s010_gtec_song_19_096.csv,song,0.192307692,8.767539795,0.114057081,non_favored
s010_gtec_song_20_106.csv,song,-0.85989011,14.35515015,0.06966141,non_favored
s010_gtec_song_21_060.csv,song,-0.554945055,8.828480225,0.113269779,non_favored
s010_gtec_song_22_107.csv,song,1,11.29092017,0.088566741,non_favored
s011_gtec_song_01_086.csv,song,0.936813187,14.66829907,0.06817423,non_favored
s011_gtec_song_02_025.csv,song,0.711538462,9.204892822,0.108637875,non_favored
s011_gtec_song_03_024.csv,song,0.843406593,10.98658691,0.091020078,non_favored
s011_gtec_song_04_106.csv,song,-0.64010989,16.99369971,0.058845338,non_favored
s011_gtec_song_06_030.csv,song,0.222527473,27.40642212,0.036487798,non_favored
s011_gtec_song_07_026.csv,song,-0.137362637,7.586324951,0.131816131,non_favored
s011_gtec_song_08_089.csv,song,0.876373626,15.45368164,0.064709499,non_favored
s011_gtec_song_10_075.csv,song,-0.972527473,14.11218408,0.070860754,non_favored
s011_gtec_song_11_102.csv,song,0.362637363,22.76495972,0.043927159,non_favored
s011_gtec_song_12_007.csv,song,-0.980769231,18.71512158,0.053432728,non_favored
s011_gtec_song_13_031.csv,song,0.678571429,14.30822559,0.069889868,non_favored
s011_gtec_song_14_013.csv,song,0.85989011,8.227149414,0.121548783,non_favored
s011_gtec_song_16_027.csv,song,0.717032967,9.85898291,0.101430341,non_favored
s011_gtec_song_17_014.csv,song,0.739010989,7.11283252,0.140590967,non_favored
s011_gtec_song_19_035.csv,song,0.777472527,17.42328711,0.057394451,non_favored
s011_gtec_song_20_053.csv,song,0.840659341,9.42289502,0.106124498,non_favored
s011_gtec_song_21_104.csv,song,-0.489010989,10.57097827,0.094598624,non_favored
s011_gtec_song_22_081.csv,song,0.681318681,7.536862061,0.132681213,non_favored
s012_gtec_song_01_076.csv,song,0.728021978,6.546417725,0.152755299,non_favored
s012_gtec_song_02_098.csv,song,0.42032967,7.166605957,0.139536066,non_favored
s012_gtec_song_03_004.csv,song,0.483516484,12.81615137,0.078026544,non_favored
s012_gtec_song_04_070.csv,song,0.826923077,8.398057373,0.119075157,non_favored
s012_gtec_song_05_097.csv,song,0.843406593,8.543473145,0.117048416,non_favored
s012_gtec_song_06_048.csv,song,-0.994505495,7.281521729,0.137333931,non_favored
s012_gtec_song_07_021.csv,song,0.315934066,6.520607178,0.153359951,non_favored
s012_gtec_song_08_056.csv,song,0.837912088,5.762325684,0.173541041,non_favored
s012_gtec_song_09_094.csv,song,0.991758242,7.453023682,0.134173732,non_favored
s012_gtec_song_10_063.csv,song,0.989010989,6.244025146,0.160153103,non_favored
s012_gtec_song_11_059.csv,song,-0.928571429,11.56776489,0.086447123,non_favored
s012_gtec_song_12_036.csv,song,0.865384615,8.741835938,0.114392447,non_favored
s012_gtec_song_13_038.csv,song,-0.162087912,6.126369141,0.163228819,non_favored
s012_gtec_song_14_037.csv,song,-0.291208791,13.12118872,0.076212607,non_favored
s012_gtec_song_15_085.csv,song,0.994505495,5.130521484,0.19491196,non_favored
s012_gtec_song_16_051.csv,song,-0.453296703,5.544738281,0.180351163,non_favored
s012_gtec_song_17_023.csv,song,0.565934066,7.465466797,0.133950097,non_favored
s012_gtec_song_18_084.csv,song,0.846153846,9.099027344,0.109901857,non_favored
s012_gtec_song_19_062.csv,song,-0.206043956,6.676091309,0.149788245,non_favored
s012_gtec_song_20_032.csv,song,0.821428571,6.612254639,0.151234345,non_favored
s012_gtec_song_21_015.csv,song,0.843406593,12.45146289,0.080311848,non_favored
s012_gtec_song_22_067.csv,song,0.247252747,11.9263186,0.083848171,non_favored
s013_gtec_song_04_105.csv,song,-1,16.98226929,0.058884945,non_favored
s013_gtec_song_05_011.csv,song,-0.414835165,20.43922192,0.048925541,non_favored
s013_gtec_song_10_103.csv,song,0.736263736,8.470391357,0.1180583,non_favored
s013_gtec_song_12_110.csv,song,0.35989011,15.73210522,0.063564284,non_favored
s013_gtec_song_13_018.csv,song,-0.428571429,9.466298828,0.105637908,non_favored
s013_gtec_song_15_092.csv,song,-0.464285714,11.95971509,0.083614032,non_favored
s013_gtec_song_17_072.csv,song,-1,28.99023267,0.034494376,non_favored
s013_gtec_song_19_109.csv,song,-1,9.458328857,0.105726922,non_favored
s013_gtec_song_20_083.csv,song,-0.510989011,16.55650732,0.060399212,non_favored
s013_gtec_song_22_039.csv,song,-0.458791209,9.789716553,0.102148003,non_favored
s014_gtec_song_01_073.csv,song,0.063186813,10.74835205,0.093037518,non_favored
s014_gtec_song_02_012.csv,song,0.903846154,9.019668213,0.110868823,non_favored
s014_gtec_song_03_074.csv,song,0.936813187,7.245131836,0.138023713,non_favored
s014_gtec_song_05_016.csv,song,-0.071428571,6.809069092,0.146862954,non_favored
s014_gtec_song_06_034.csv,song,0.129120879,7.708387939,0.129728811,non_favored
s014_gtec_song_08_090.csv,song,0.126373626,6.269036865,0.159514136,non_favored
s014_gtec_song_09_082.csv,song,0.370879121,8.548466064,0.116980051,non_favored
s014_gtec_song_12_108.csv,song,0.068681319,6.925546143,0.144392945,non_favored
s014_gtec_song_13_066.csv,song,-0.200549451,8.261250732,0.121047046,non_favored
s014_gtec_song_17_050.csv,song,-0.321428571,10.27926074,0.09728326,non_favored
s014_gtec_song_19_042.csv,song,0.431318681,9.688661621,0.10321343,non_favored
s014_gtec_song_22_071.csv,song,-0.153846154,8.621875,0.115984052,non_favored
s015_gtec_song_03_054.csv,song,-0.82967033,22.05444189,0.04534234,non_favored
s015_gtec_song_13_064.csv,song,-1,12.92504907,0.077369145,non_favored
s015_gtec_song_21_078.csv,song,-1,17.78967334,0.056212387,non_favored
s015_gtec_song_22_095.csv,song,-0.815934066,20.7016687,0.048305285,non_favored
s016_gtec_song_01_019.csv,song,-0.744505495,21.92175928,0.045616777,non_favored
s016_gtec_song_02_101.csv,song,0.832417582,7.618752441,0.131255085,non_favored
s016_gtec_song_03_095.csv,song,-1,14.86090063,0.067290673,non_favored
s016_gtec_song_04_045.csv,song,0.370879121,45.71981494,0.021872354,non_favored
s016_gtec_song_05_068.csv,song,-1,18.89244897,0.0529312,non_favored
s016_gtec_song_06_009.csv,song,0.368131868,17.43629639,0.057351629,non_favored
s016_gtec_song_07_052.csv,song,0.318681319,13.7699104,0.072622114,non_favored
s016_gtec_song_08_026.csv,song,-1,20.17069678,0.049576869,non_favored
s016_gtec_song_09_063.csv,song,-1,43.00330664,0.023254026,non_favored
s016_gtec_song_10_072.csv,song,-1,23.51335229,0.042529027,non_favored
s016_gtec_song_11_002.csv,song,0.013736264,17.41723926,0.05741438,non_favored
s016_gtec_song_12_091.csv,song,-1,25.11419556,0.039818118,non_favored
s016_gtec_song_13_048.csv,song,-1,13.18708911,0.075831747,non_favored
s016_gtec_song_14_060.csv,song,-1,27.47670532,0.036394465,non_favored
s016_gtec_song_15_038.csv,song,-1,23.29890088,0.04292048,non_favored
s016_gtec_song_16_011.csv,song,0.016483516,62.29506201,0.016052637,non_favored
s016_gtec_song_17_032.csv,song,0.664835165,11.28458789,0.088616439,non_favored
s016_gtec_song_18_075.csv,song,-1,26.86727441,0.037220002,non_favored
s016_gtec_song_19_083.csv,song,-1,36.96186548,0.027054912,non_favored
s016_gtec_song_20_085.csv,song,1,45.95441821,0.021760693,non_favored
s016_gtec_song_21_090.csv,song,-1,73.33116895,0.013636766,non_favored
s016_gtec_song_22_005.csv,song,1,10.5915376,0.094414998,non_favored
s017_gtec_song_03_109.csv,song,-0.401098901,22.54667651,0.044352435,non_favored
s017_gtec_song_04_051.csv,song,-0.244505495,24.65920093,0.040552814,non_favored
s017_gtec_song_09_097.csv,song,-0.376373626,21.23764771,0.047086194,non_favored
s017_gtec_song_11_098.csv,song,-0.519230769,34.00752197,0.029405259,non_favored
s017_gtec_song_13_110.csv,song,0.434065934,16.31221289,0.061303761,non_favored
s017_gtec_song_14_059.csv,song,0.326923077,8.853281982,0.112952462,non_favored
s017_gtec_song_15_074.csv,song,-0.192307692,28.34918921,0.035274377,non_favored
s017_gtec_song_16_105.csv,song,-0.387362637,22.04065527,0.045370702,non_favored
s017_gtec_song_21_015.csv,song,0.442307692,11.04865503,0.090508754,non_favored
s018_gtec_song_01_021.csv,song,1,25.50847876,0.039202651,non_favored
s018_gtec_song_03_010.csv,song,1,35.31044922,0.028320229,non_favored
s018_gtec_song_04_070.csv,song,1,20.5620354,0.048633318,non_favored
s018_gtec_song_05_054.csv,song,1,11.84384082,0.08443207,non_favored
s018_gtec_song_06_057.csv,song,1,28.85287012,0.034658597,non_favored
s018_gtec_song_07_078.csv,song,-0.980769231,21.72594336,0.046027921,non_favored
s018_gtec_song_08_096.csv,song,-0.93956044,7.725262939,0.129445432,non_favored
s018_gtec_song_09_064.csv,song,0.598901099,23.97794214,0.041704997,non_favored
s018_gtec_song_10_080.csv,song,-1,18.1341936,0.055144443,non_favored
s018_gtec_song_11_028.csv,song,1,6.835492676,0.146295234,non_favored
s018_gtec_song_12_047.csv,song,0.991758242,7.120024902,0.140448947,non_favored
s018_gtec_song_14_055.csv,song,1,7.020364502,0.142442746,non_favored
s018_gtec_song_17_049.csv,song,0.980769231,13.28816602,0.07525493,non_favored
s018_gtec_song_18_053.csv,song,1,19.22965552,0.052003012,non_favored
s018_gtec_song_20_099.csv,song,0.986263736,4.676288818,0.21384479,non_favored
s018_gtec_song_21_035.csv,song,0.997252747,5.694668701,0.175602841,non_favored
s019_gtec_song_01_086.csv,song,1,8.270128906,0.1209171,non_favored
s019_gtec_song_03_104.csv,song,1,9.876547363,0.101249957,non_favored
s019_gtec_song_04_023.csv,song,1,13.36476611,0.074823606,non_favored
s019_gtec_song_05_042.csv,song,1,7.079676025,0.141249401,non_favored
s019_gtec_song_06_071.csv,song,-1,9.006969971,0.111025129,non_favored
s019_gtec_song_07_030.csv,song,1,8.742881592,0.114378765,non_favored
s019_gtec_song_08_037.csv,song,1,8.54404834,0.117040536,non_favored
s019_gtec_song_09_034.csv,song,0.252747253,4.8221875,0.207374765,non_favored
s019_gtec_song_10_062.csv,song,-0.211538462,18.06309888,0.055361486,non_favored
s019_gtec_song_11_036.csv,song,1,12.74882983,0.078438571,non_favored
s019_gtec_song_12_001.csv,song,0.326923077,8.420586426,0.118756575,non_favored
s019_gtec_song_13_013.csv,song,0.414835165,15.21063135,0.065743491,non_favored
s019_gtec_song_14_029.csv,song,-1,9.205239746,0.108633781,non_favored
s019_gtec_song_15_050.csv,song,1,5.154506104,0.194005008,non_favored
s019_gtec_song_16_061.csv,song,-1,6.517914551,0.153423306,non_favored
s019_gtec_song_17_079.csv,song,1,8.040894775,0.124364269,non_favored
s019_gtec_song_18_093.csv,song,-0.807692308,7.849954346,0.127389276,non_favored
s019_gtec_song_19_082.csv,song,1,7.506013916,0.133226505,non_favored
s019_gtec_song_20_089.csv,song,1,10.80422681,0.092556369,non_favored
s019_gtec_song_21_031.csv,song,1,12.27355444,0.08147599,non_favored
s019_gtec_song_22_027.csv,song,0.997252747,6.876033691,0.145432679,non_favored
s020_gtec_song_02_041.csv,song,1,7.967540283,0.125509249,non_favored
s020_gtec_song_03_025.csv,song,1,9.111066406,0.109756636,non_favored
s020_gtec_song_04_069.csv,song,1,9.926261475,0.100742863,non_favored
s020_gtec_song_06_066.csv,song,1,8.870502686,0.112733183,non_favored
s020_gtec_song_07_008.csv,song,1,9.440263184,0.10592925,non_favored
s020_gtec_song_08_007.csv,song,1,10.47536841,0.095462036,non_favored
s020_gtec_song_09_073.csv,song,1,6.534726563,0.153028591,non_favored
s020_gtec_song_10_065.csv,song,0.961538462,16.41279517,0.060928074,non_favored
s020_gtec_song_11_088.csv,song,1,7.911350098,0.126400676,non_favored
s020_gtec_song_12_016.csv,song,-0.585164835,9.934777832,0.100656504,non_favored
s020_gtec_song_14_020.csv,song,1,6.978985352,0.143287305,non_favored
s020_gtec_song_16_014.csv,song,1,10.15203076,0.09850246,non_favored
s020_gtec_song_17_094.csv,song,1,7.246830566,0.137991359,non_favored
s020_gtec_song_19_018.csv,song,0.25,7.785510986,0.128443721,non_favored
s020_gtec_song_20_084.csv,song,1,7.783261719,0.12848084,non_favored
s020_gtec_song_22_012.csv,song,1,8.786635742,0.113809202,non_favored
s001_gtec_song_20_030.csv,song,0.909340659,15.64014014,0.063938046,favored
s002_gtec_song_10_082.csv,song,1,17.21817017,0.058078181,favored
s002_gtec_song_15_016.csv,song,1,6.374890137,0.156865448,favored
s002_gtec_song_17_046.csv,song,1,9.07801001,0.110156301,favored
s004_gtec_song_08_062.csv,song,1,7.096810059,0.140908379,favored
s005_gtec_song_04_090.csv,song,1,10.33929004,0.09671844,favored
s005_gtec_song_05_045.csv,song,0.85989011,10.6671001,0.093746191,favored
s005_gtec_song_06_034.csv,song,0.991758242,10.85592993,0.092115554,favored
s005_gtec_song_11_007.csv,song,0.945054945,8.730199951,0.114544914,favored
s005_gtec_song_14_105.csv,song,0.964285714,10.178,0.09825113,favored
s005_gtec_song_18_094.csv,song,0.956043956,8.722910156,0.11464064,favored
s006_gtec_song_02_006.csv,song,0.925824176,30.32891992,0.03297183,favored
s006_gtec_song_03_055.csv,song,0.909340659,12.06051001,0.082915233,favored
s006_gtec_song_04_056.csv,song,0.925824176,13.88714014,0.072009067,favored
s006_gtec_song_05_083.csv,song,0.950549451,10.89557007,0.09178042,favored
s006_gtec_song_06_034.csv,song,0.945054945,29.85211987,0.033498459,favored
s006_gtec_song_08_052.csv,song,0.956043956,30.00651001,0.033326102,favored
s006_gtec_song_09_085.csv,song,0.848901099,15.77128003,0.063406394,favored
s006_gtec_song_10_099.csv,song,0.934065934,42.81691016,0.023355258,favored
s006_gtec_song_11_077.csv,song,0.903846154,11.27966992,0.088655077,favored
s006_gtec_song_13_005.csv,song,0.947802198,30.49512988,0.032792121,favored
s006_gtec_song_14_016.csv,song,0.85989011,8.39497998,0.119118807,favored
s006_gtec_song_15_031.csv,song,0.994505495,32.47330005,0.03079453,favored
s006_gtec_song_16_103.csv,song,0.923076923,29.70396997,0.033665534,favored
s006_gtec_song_17_092.csv,song,0.917582418,11.36371997,0.087999353,favored
s006_gtec_song_18_024.csv,song,0.934065934,14.60032983,0.068491603,favored
s006_gtec_song_19_053.csv,song,0.909340659,42.81855005,0.023354364,favored
s006_gtec_song_20_018.csv,song,0.903846154,12.35053979,0.080968121,favored
s006_gtec_song_21_010.csv,song,0.870879121,22.17813013,0.045089464,favored
s007_gtec_song_01_063.csv,song,0.868131868,10.64920996,0.09390368,favored
s007_gtec_song_03_030.csv,song,0.587912088,8.743859863,0.114365968,favored
s007_gtec_song_06_004.csv,song,0.574175824,7.879530029,0.126911122,favored
s007_gtec_song_09_082.csv,song,0.585164835,20.75,0.048192771,favored
s007_gtec_song_11_079.csv,song,1,14.37362988,0.069571848,favored
s007_gtec_song_14_061.csv,song,-1,8.767649902,0.114055649,favored
s007_gtec_song_16_067.csv,song,0.607142857,9.221939941,0.108437054,favored
s007_gtec_song_18_086.csv,song,0.538461538,12.63602002,0.079138843,favored
s007_gtec_song_20_046.csv,song,0.516483516,10.65978979,0.09381048,favored
s007_gtec_song_21_089.csv,song,0.634615385,11.63828003,0.085923349,favored
s007_gtec_song_22_040.csv,song,0.656593407,6.552060059,0.152623754,favored
s008_gtec_song_01_009.csv,song,0.725274725,17.36152002,0.057598643,favored
s008_gtec_song_06_069.csv,song,0.519230769,15.5475,0.064319022,favored
s008_gtec_song_08_035.csv,song,0.585164835,11.97787012,0.083487297,favored
s008_gtec_song_11_021.csv,song,0.576923077,11.00147998,0.090896861,favored
s008_gtec_song_12_036.csv,song,0.692307692,11.06297998,0.090391558,favored
s008_gtec_song_14_015.csv,song,0.502747253,11.9039502,0.084005728,favored
s008_gtec_song_16_088.csv,song,0.785714286,8.530610107,0.11722491,favored
s008_gtec_song_17_045.csv,song,0.623626374,17.9121001,0.055828183,favored
s008_gtec_song_18_057.csv,song,0.722527473,10.39133984,0.096233981,favored
s008_gtec_song_19_028.csv,song,0.585164835,10.14817993,0.098539837,favored
s008_gtec_song_22_022.csv,song,0.722527473,8.457790039,0.118234195,favored
s009_gtec_song_05_026.csv,song,0.895604396,14.03620996,0.071244303,favored
s009_gtec_song_06_100.csv,song,0.876373626,20.41888013,0.048974282,favored
s011_gtec_song_15_006.csv,song,0.728021978,13.21843115,0.075651943,favored
s011_gtec_song_18_055.csv,song,0.763736264,16.45196436,0.060783015,favored
s013_gtec_song_01_044.csv,song,1,17.35968506,0.057604732,favored
s013_gtec_song_08_022.csv,song,1,9.469263672,0.105604832,favored
s013_gtec_song_18_020.csv,song,1,31.68376611,0.031561904,favored
s013_gtec_song_21_028.csv,song,1,26.54477832,0.037672193,favored
s014_gtec_song_04_069.csv,song,0.961538462,13.96553271,0.071604859,favored
s014_gtec_song_07_099.csv,song,0.846153846,12.58079004,0.079486264,favored
s014_gtec_song_11_080.csv,song,0.884615385,16.21796924,0.061660001,favored
s014_gtec_song_20_088.csv,song,0.818681319,15.51522827,0.064452806,favored
s014_gtec_song_21_065.csv,song,0.82967033,7.75626123,0.128928097,favored
s015_gtec_song_01_033.csv,song,1,16.72127319,0.059804058,favored
s015_gtec_song_05_100.csv,song,1,86.05159229,0.011620935,favored
s015_gtec_song_09_045.csv,song,1,11.15015674,0.089684838,favored
s015_gtec_song_10_008.csv,song,1,6.851977783,0.145943264,favored
s015_gtec_song_12_068.csv,song,0.983516484,11.24819287,0.08890317,favored
s015_gtec_song_14_046.csv,song,1,10.03195386,0.099681479,favored
s015_gtec_song_15_040.csv,song,1,17.48390674,0.057195455,favored
s015_gtec_song_16_107.csv,song,1,9.139419434,0.10941614,favored
s015_gtec_song_17_060.csv,song,1,9.393389404,0.106457846,favored
s015_gtec_song_18_057.csv,song,1,35.50415088,0.028165721,favored
s015_gtec_song_19_043.csv,song,0.826923077,14.82652051,0.067446708,favored
s015_gtec_song_20_077.csv,song,1,12.11235449,0.082560331,favored
s017_gtec_song_02_076.csv,song,0.914835165,17.37881445,0.057541324,favored
s017_gtec_song_17_087.csv,song,0.928571429,15.2662854,0.065503819,favored
s017_gtec_song_19_107.csv,song,0.986263736,12.1537312,0.082279259,favored
s017_gtec_song_20_044.csv,song,0.804945055,15.75791968,0.063460153,favored
s020_gtec_song_05_022.csv,song,1,10.61669971,0.09419123,favored
